"mun";"x1";"x2";"x3";"x4";"x5";"x6";"x7";"x8";"x9";"x10";"x11";"x12";"x13";"x14";"x15";"x16";"x17";"x18"
"Angra dos Reis (RJ)";-0.592947247920846;-0.182150636400118;0.392668202846135;-0.217980406377364;0.767338686463235;-0.363387375428909;0.786939453721868;1.07691581508616;0.390777610588499;-0.448314840781864;0.644857918826779;0.410328961675105;0.992845225033553;0.44160672901979;0.745597126975938;0.733312264961015;-0.151312419651433;-1.46705768262866
"Aperibé (RJ)";0.0894777484732859;-0.707589443773001;0.715268978266215;0.400750405226622;-0.849344347611982;0.668628389031275;0.170109824517451;-0.742012356094685;-0.865771929109522;0.0483577929035353;1.02683822641133;-0.459994138592556;-0.432961236271504;1.06444917503921;-1.27383058515295;-1.15098288914249;-0.726142125200618;-0.439710030921503
"Araruama (RJ)";-0.347372479453139;-0.446303691551716;0.587856208933191;0.921544381318382;0.101645672432262;0.960360760857284;0.704269762532619;-0.0958179013043233;0.0049261047240632;-0.291767625236473;-0.246031735303487;0.247143380374918;-0.36897890546481;-0.791274805606449;-0.00350304680140026;0.112615570712639;-0.0923040636007058;0.546903303434476
"Areal (RJ)";-0.522052950311781;-0.117141720418331;0.30017933309578;0.112518050226819;0.133345339767073;0.334004673177029;0.166184695550339;-0.57196283324234;-0.421027965398215;0.2314264051664;-1.40983975844672;-0.677574913659469;-0.142253996026486;0.0834279698503444;-0.0946131251359716;-0.31213721676958;-0.454545253311634;-0.011536635119231
"Armação dos Búzios (RJ)";-0.582827012842493;1.9634501622234;-1.87148981138869;0.0967019841057785;0.957536690472082;1.28654759165277;1.02772224425278;0.778091229683079;0.203027846888456;-0.665192716803945;0.193874945306218;0.519119349208563;0.630864861176364;-1.34791452875294;0.913924662423997;0.85540936085446;-0.511212731317603;-0.278934296451682
"Arraial do Cabo (RJ)";-0.325044631620643;-0.269650619176018;0.394170966180014;1.3702658676912;0.957536690472082;-0.365182732853244;1.02772224425278;0.0686218049998151;-0.394444195256727;-0.17161105186896;-0.193011070541353;0.655107333625385;-0.324675199938016;-0.592052828278678;1.29961478938991;0.50517834141255;-0.639978820939939;-0.420064058940657
"Barra do Piraí (RJ)";-0.354467566412489;0.129760620015074;-0.0167187064008506;0.913549543800358;0.925837023137276;0.0267556135734371;0.832441836109447;0.194607629155073;0.325491648890952;0.0747424945169953;-0.0423636160355513;0.655107333625385;-0.27728907456655;1.24916559699232;0.799425565985798;0.116641386006509;0.216718512252917;-1.64742839897538
"Barra Mansa (RJ)";-0.547114033889757;0.304856307364712;-0.135988304807884;1.28061966449136;1.11603502714612;0.11795905551793;0.967947925770254;0.308088890166562;0.167819474478915;-0.429331465628715;0.479238889350662;0.546316946091927;-0.184249257501856;1.18285281887185;0.936529304831341;0.0527552621893328;1.05658435960246;-1.06428513723907
"Belford Roxo (RJ)";-0.620273363560819;0.0163431175903166;0.19277509998233;1.34477021257602;0.799038353798042;-1.33572424533928;1.02772224425278;-0.640471542596418;-0.799123070979324;-0.713878371925308;-0.329069141674081;-0.677574913659469;-0.419099539792477;-0.114878024201115;-0.154002995575693;-1.03174970914318;-0.441080004275462;1.06804245142617
"Bom Jardim (RJ)";0.350147279409135;0.329349911777518;-0.465569894126968;-0.412738531131696;-0.817644680277172;0.840755522159222;-1.57949111901099;-0.296517706749664;0.480132183633742;-0.262599235054655;-0.507981660480015;-1.33031723886021;-0.29079146616553;2.09533712573649;-0.67808123656852;-0.211294084920682;0.212339269854882;-0.587498315307328
"Bom Jesus do Itabapoana (RJ)";-0.0661089034755261;-0.512546608688255;0.562425426407321;0.367478934261078;-0.595747008933514;0.0141223820242881;0.0116551594702217;0.299783854494636;0.698650927278625;2.71657106306818;1.01273711244013;0.62790973674202;-0.36238073164068;-0.42677596232419;-0.374860565953582;0.204915587362933;-0.0824741346008329;-0.112354353264802
"Cabo Frio (RJ)";-0.541368800540031;1.89007620350668;-1.80821350313374;1.36601280757309;0.799038353798042;1.19194747045763;-0.58376226773389;0.566892605558133;0.252541409947873;-0.120738194140328;-0.107522056636265;0.709502527392113;0.303139558263037;-0.758339336541432;0.862269470714019;0.905967070413589;0.337112278252859;0.0898437095963819
"Cachoeiras de Macacu (RJ)";-0.26318197673928;0.323654756487906;-0.251917893144687;0.229900380886221;-0.437248672259473;0.142119997908052;0.141742034122631;-0.421124581585809;-0.371924658659725;-0.418252995210848;-0.0200332561753597;-0.242413363525641;-0.2081829434401;-0.282687817914833;-0.41701552761051;-0.321516256216837;-0.567188945791821;1.08835872634256
"Cambuci (RJ)";1.41420823864327;-0.559482957957178;0.110739255190447;-1.62476417997829;-1.41993835963853;-0.661762564210601;-0.536502884928535;-0.962330849580123;-0.307968795452115;0.525556266050872;0.0179896757329199;-0.487191735475921;-0.381124474799416;-0.515427765058799;-1.06426218054577;-0.750055738127734;-0.543069652303064;0.191879877280694
"Carapebus (RJ)";-0.519319354511704;1.37989506324648;-1.27812121266895;-0.0882614413889877;-0.21535100091582;-0.605139209819123;-0.355767758034742;-0.120419610747576;-0.645660609404812;-0.997343156130718;-0.919533192455131;0.111155395958096;0.547804537821899;0.250111167814577;-0.473688183760827;0.992444761937078;-0.60267249497966;-0.869077536054886
"Comendador Levy Gasparian (RJ)";-0.49145417825532;0.0834242505638712;0.0784900295314276;1.40770174062868;0.133345339767073;-0.314100771733999;0.772665422151129;-0.596752581229108;-0.608922537743017;-0.997343156130718;0.677931508051755;-0.650377316776104;-0.238819659851755;2.97533789724888;-0.0323664870050057;-0.449848309326454;-0.59261367294448;0.530553134900423
"Campos dos Goytacazes (RJ)";-0.550075103089074;2.79681891772085;-2.76066389703721;0.679496110238733;0.228444341771496;0.428798699457436;0.390974500542494;0.438086203250147;0.267026708367998;0.152184874157438;-0.562041580168964;0.19274818660819;0.880622136792621;0.00378855896195023;0.0404384319465771;0.350642830060552;0.525300128022944;-0.766839966119446
"Cantagalo (RJ)";-0.112323332602765;1.48055191936789;-1.52197025032082;-0.250573892058354;-0.468948339594284;-0.183337230052727;-0.893895593251108;-0.254616451303002;1.27298462513135;-0.0433137416300574;0.450455986667923;0.00236500842463868;0.0745374082354045;0.327811749687149;0.0759375260227444;0.305401784757458;0.0203126668609955;0.064218356788011
"Cardoso Moreira (RJ)";1.42657678858306;-0.784948740268746;0.344073569914547;-0.673034371425846;-2.18073037567392;-0.435768193774254;-0.973350917575585;-0.755018355354494;-1.01165019526122;-0.997343156130718;-0.165977118442624;-1.65668840146059;-0.421519685598832;-0.78044280377473;-1.32214944530924;-1.20367088192802;-0.655617633006444;0.875268724782342
"Carmo (RJ)";0.645090707417422;0.709319063940019;-0.965776314690911;0.111188021253761;-0.659146343603131;-1.34125262191074;-0.464040415386785;-0.557421185877156;-0.41147497846807;-0.314752474692172;0.53945598414174;-0.351203751059099;-0.232186634418123;0.411443896367613;0.356315606176244;-0.649724063400563;0.123370682694932;-0.113482102085352
"Casimiro de Abreu (RJ)";-0.547818257801699;1.75900229209168;-1.66792231929355;0.172618513218308;0.260144009106302;0.0894030751852092;-0.239278447497015;0.386312924268931;-0.26993900872443;-0.159983632492646;0.677754665036177;0.464724155441834;0.774923679993904;-0.352159028488356;0.15717329061113;0.888463984420345;-0.200631803739806;-1.25730127111927
"Conceição de Macabu (RJ)";-0.265883977410511;-0.729870322983217;0.859060401735072;-0.531793418115504;-0.564047341598707;0.112005024087375;0.138748881824114;-0.19231301388493;-0.517006278351002;0.0240430643163073;-2.0095140218868;0.0839577990747319;-0.442772449959714;-0.388695032298131;-0.109999844780584;-0.0608841188759963;-0.505342650766623;0.33351831085137
"Cordeiro (RJ)";-0.425946728426702;-0.423441464900436;0.590367739011676;-0.361207798197487;0.545441015119577;0.907789981946681;0.845314573771651;0.26753524428176;0.0418290309847481;-0.0414609063311835;0.812686781570964;0.546316946091927;-0.389806176361443;2.22536296989184;1.42735952897586;0.256117061979745;-0.138685712237356;-0.246868288869622
"Duas Barras (RJ)";4.67351689879764;-0.877992319827667;-0.657121611155668;-1.53187926261826;-1.13464135362525;-0.522958383918537;-0.889523921025457;-0.804566511570778;-0.50107370751219;-0.550667164287065;-1.44839063172863;-1.35751483574358;-0.277748417676353;1.64786361034153;-1.01802161135961;-0.389688564819873;-0.505497247400544;-0.19225884271005
"Duque de Caxias (RJ)";-0.624261045410812;0.715104107982139;-0.5421307551931;0.971753521678766;0.799038353798042;-0.629765237355619;1.0053934320311;-0.171534754826488;0.232284175836846;-0.507726249634844;-0.567690154583563;0.0567602021913675;0.182383671788303;0.57102009798025;0.371253162210916;-0.319813439487139;-0.155729030592972;-0.0453363968733071
"Engenheiro Paulo de Frontin (RJ)";-0.286108965458408;-0.308819926427908;0.422241782435983;-0.887000747630436;0.577140682454384;0.235364757473612;-0.813115279734391;-0.839165603577595;-0.7585178812032;0.155242538997314;-1.51650182000305;0.355933767908376;-0.374091945688575;0.0202089452471028;-0.904925755003258;-0.566366385679986;-0.60898836553675;-0.385650009139222
"Guapimirim (RJ)";-0.313395892358692;-0.326868632148066;0.450514311339497;0.277667940283236;0.0699460050974554;-0.859399856597702;0.806362267580818;-0.287053100059393;-1.03445389331597;-0.600239627311708;-1.13902008191534;-0.29680855729237;-0.419229796885291;-0.700328950474865;-0.638249887254716;-0.430408561491198;-0.651264928471671;0.888887848034758
"Iguaba Grande (RJ)";-0.522639354142272;-0.721180219713853;0.936829776384799;0.55061916535521;1.0209360251417;0.293305719969431;1.02772224425278;0.0302932818799445;-0.608666116281327;-0.997343156130718;0.393775422363613;1.41664004635959;-0.393881352261608;-0.932530074800376;0.551006387365193;0.0513361639828122;-0.262455681062943;-0.249380741520594
"Itaboraí (RJ)";-0.53619203788128;-0.371061927563185;0.572502840582197;1.2000113382751;0.35524301111073;-0.255917227653627;0.949596280938663;-0.277055717495829;-0.489780527074807;-0.205139595245987;-2.18864327318113;-0.432796541709192;-0.407073135831409;-0.0338992471433969;-0.415997699751433;-0.56551611170198;-0.61057398937202;0.505084190105473
"Itaguaí (RJ)";-0.527540278500177;-0.759482339611067;0.978834395121944;-0.348097550638156;0.672239684458812;0.432079490637889;0.734111475440701;0.0359344381854043;-0.0333331815322042;-0.642114831247081;0.154912886052902;0.165550589724825;0.417437636807514;0.239691049071774;-0.031749276064364;-0.245478443820127;-0.454586209285838;0.189411535896346
"Italva (RJ)";0.125669133768498;-0.559946025085975;0.547433744409408;0.0508629883830822;-0.976143016951212;-0.161157426652244;-0.754911769511086;-0.271226522646854;-0.317928555198778;1.73657404880085;0.839993108096165;-0.568784526126014;-0.417715438082442;0.0745222197057322;-0.81989299679723;-0.865465696296337;-0.320681268021622;0.303290935565759
"Itaocara (RJ)";1.22776618438752;-0.740416099604796;0.364492863199054;0.0105541222423528;-0.976143016951212;0.997638910653181;-0.569023082999605;-0.49593258214765;0.927511874335316;0.0820043477421062;1.0130168213893;0.111155395958096;-0.367436086779682;-0.548579450400965;-0.716445581566531;-0.294503046784188;0.457323520383521;1.00474856049908
"Itaperuna (RJ)";-0.329470736412975;-0.341767890734934;0.471649315267882;0.839138551262162;0.038246337762649;0.315649021383192;0.516150235273315;0.0847617799848795;0.6280310611523;0.973409416970071;1.14725755880345;0.573514542975291;-0.271675820833356;0.642308592599093;0.235590359613263;0.134204437885535;0.975941428265002;-0.385239337929296
"Itatiaia (RJ)";-0.584502670545906;0.0971892227562661;0.0954797488200738;-0.0691595592571988;0.545441015119577;-0.539351086412599;0.806617121639594;0.496378151739892;-0.514192524764398;-0.000826445876389283;0.891941114174141;0.763897721158842;0.691097627979626;0.943387226099317;0.63048980844171;0.648547500935334;-0.416894334834567;0.568681261645977
"Japeri (RJ)";-0.576633905447526;-0.770531842434623;1.00709710477923;0.344317984696473;0.165045007101879;-1.69345455135809;1.02772224425278;-0.908645845406502;-1.0586732831364;-0.214469129537833;-0.438678971935579;-1.35751483574358;-0.417774606416441;-0.687316054032897;-0.893825831825783;-1.44949786828845;-0.648108030054731;2.81277959424715
"Laje do Muriaé (RJ)";0.102582997341247;-0.193886787043446;0.169559095249056;-1.14633655691447;-1.67353569831699;-1.0232356006576;-0.593442024909932;-0.99423472246322;-0.883405565762279;1.12193665157145;0.588771839165083;-1.1127364637933;-0.395737848875794;0.234735879324115;-0.707676686744057;-0.771085531182825;-0.449630894622727;1.47176711189968
"Macaé (RJ)";-0.583662745261049;1.1643485175408;-1.02922559850716;-0.38119302920474;1.0209360251417;1.15877377027037;0.9049323699979;2.26177801753338;1.42334513413899;-0.350844543584041;0.23274527000665;1.49823283700968;0.833165317494078;0.800244701991997;1.37136107169294;2.14443910689245;1.01803810708996;-1.20149852715639
"Macuco (RJ)";-0.133469459640563;-0.0559816543957847;0.104170952713694;-0.245395832788099;-0.0251529969069681;1.65854815065687;0.185975151050057;-0.0783616565146515;-0.0428525739721576;-0.997343156130718;1.47521850353859;-0.160820572875548;-0.24038855132067;0.281258231124146;0.0615473438669021;-1.02789583390587;0.0781019264256891;0.173194017425619
"Magé (RJ)";-0.37344869776196;-0.634269959501065;0.794735822502441;0.589603842587318;0.545441015119577;-0.912478298974867;0.678899937686312;-0.286363625399837;-0.553795282098545;-0.202698388525772;-1.69567948883445;0.00236500842463868;-0.432912854387124;-0.0932726642044112;-0.301300681164884;-0.588570486459037;-0.565384453083171;1.09421298126996
"Mangaratiba (RJ)";-0.425413328096328;-0.98723100617928;1.18423212066431;-1.02306837517511;1.08433535981132;-0.38038135216124;0.247383112805956;0.591431635486882;-0.826476149438366;-0.478405168157597;-0.592534861177792;1.19905927129267;0.0305994178080602;-0.817405572951235;0.577461505721833;1.05708967262676;0.142439029592363;-0.0898432313210565
"Maricá (RJ)";-0.5444405895942;0.458556019431802;-0.298840601483574;0.47880026006159;0.925837023137276;0.234950987688254;0.92631895731225;1.05645095360024;-0.419550149924573;-0.743584226619819;-2.59505017054205;1.52543043389305;-0.325884968739686;-0.755711291367507;0.729235702285038;1.75159124856177;-0.566204774738467;-0.999318320481321
"Mendes (RJ)";-0.580694414460962;-0.614277617931862;0.843850959416644;0.0857175660305868;0.640540017124001;-0.106596085048201;0.942121487445583;-0.260821723239007;0.223240207635207;0.39775659453067;-1.12006125603982;0.736700124275478;-0.404236131142646;-0.527896199594862;0.13750099521663;-0.203083924346953;-0.439507985359995;-0.841722659669832
"Mesquita (RJ)";-0.625824653877515;-0.606760651281992;0.85119270234747;1.37093331244106;1.24283369648536;-1.11030698180504;1.02772224425278;-0.0112945759941915;-0.871619231871219;-0.868675037622724;0.986585657216862;0.763897721158842;-0.431347342387695;-0.290895159267895;1.0804418907022;-0.00641587519585294;0.579928962722586;-0.278143104009233
"Miguel Pereira (RJ)";-0.439733730646809;-0.771001924867249;0.961249449936483;0.205427610698823;0.291843676441113;2.11366853963924;0.191435696122522;0.319621920835502;1.23671210724193;0.228548336276202;-1.06494767911509;0.981478496225757;-0.308163642601761;-1.18405440929318;-0.296931991217709;0.302945723670892;0.0188677147959944;-0.193175618764769
"Miracema (RJ)";-0.20800816986828;-0.688421234050441;0.795774018116843;0.929540243473743;-0.881044014946789;-0.280057666151173;0.513956920794738;-0.427549231822582;0.521896165170683;-0.167521817392192;0.947393693879198;0.111155395958096;-0.414786424683917;-0.518861143222275;-0.418428090564681;0.434299617268204;-0.288011093606447;0.520823323883389
"Natividade (RJ)";0.102661742444705;-0.582202662923839;0.578668742459232;-0.385410748098455;-1.00784268428602;-0.477451266061741;-0.292983171455209;-0.0989518770295785;0.594429480894013;-0.00598648529915971;0.798917943467303;0.573514542975291;-0.397680840042752;-0.400411713871693;-0.450875337102743;-0.126526621526466;-0.543433163284046;0.196295793672072
"Nilópolis (RJ)";-0.630311276774001;-0.655128335032561;0.903676276649662;1.64247299369064;1.62322970450306;-0.313141155094357;1.02772224425278;0.433134521604243;-0.0213168671996005;-0.150309777457564;1.11174121466075;1.19905927129267;-0.3870050560429;-0.519723185293434;1.50416435632598;0.518722051356522;0.911636064956932;-0.589986251927947
"Niterói (RJ)";-0.601635667559321;-0.289989630569842;0.509235087476805;-0.605104133487159;1.59153003716824;1.73009883082401;1.02772224425278;5.87355968186094;2.34337940749876;0.674274031294079;1.2115770326051;3.48365740949528;-0.0382036035560635;-0.712773193024719;3.54322153525424;5.26733561449751;5.68042059226886;-2.07626678209774
"Nova Friburgo (RJ)";-0.206436101632855;-0.450011628707079;0.544049289583805;0.568482776956318;0.799038353798042;2.09110884043778;0.209420932969645;0.594252213639611;1.18304729563878;0.061771195307751;0.443283182758591;0.981478496225757;-0.246949130905445;3.43388776789086;1.39591863835361;0.539774024635554;1.6991987003954;-2.23121934086294
"Nova Iguaçu (RJ)";-0.613120486186766;-0.489744584506038;0.723597150105376;1.11328073474706;0.862437688467659;-0.70376959961372;0.956086545658578;-0.188614922529128;0.0700924841510149;-0.629076062732487;-0.0826854594042029;0.111155395958096;-0.351019543317188;-0.292824438119202;0.344943600337481;-0.3831262475676;0.128608540217359;0.457996204737773
"Paracambi (RJ)";-0.505151820495678;-0.668610674984989;0.875507438038764;-0.423670024060064;0.672239684458812;-0.11302273327446;0.275622293081278;-0.224436265068795;0.0402994601640383;3.92378000967499;0.0627255470753728;0.301538574141647;-0.389759935154653;-0.0817405174276147;0.819057379508208;-0.377599582404411;0.140058223626676;-0.144731667812877
"Paraíba do Sul (RJ)";-0.230808476597212;-0.443674347493841;0.545626590613668;0.123916267787667;0.513741347784771;-0.205501553022731;0.240427546319732;-0.218199653375537;0.0378168671839568;-0.113516632558154;0.906123550670073;-0.188018169758912;-0.320985951886675;0.651110229994269;0.2203900565645;-0.0109936813508717;0.0161765424447418;-0.431589373217805
"Paraty (RJ)";-0.0414552048860021;0.798495664044979;-0.827309496624597;-0.586757619393072;-0.151951666246202;-1.18731475787592;-0.693042320529199;0.55235095819295;0.211160862606274;-0.720930179402009;-0.668054716840946;-0.432796541709192;-0.210121288262856;-1.20484528424798;-0.0505255832059724;0.699518399032955;-0.56924269340332;-1.03943899624252
"Paty do Alferes (RJ)";0.330020960737761;-0.5886670487446;0.508519599804085;-0.951875954851147;-1.26144002296449;0.884616062467943;-0.907267796795035;-0.541187191620334;-0.427050245422162;-0.997343156130718;-0.422022492024018;-1.03114367314321;-0.394257467302158;-1.02676651401216;-1.47821218148845;-0.829794179470334;-0.412972994490362;1.49021063755233
"Petrópolis (RJ)";-0.597035017565786;0.817147645100337;-0.658867355548852;0.354890638776316;1.11603502714612;1.25381868778999;0.703332419716686;1.16993221461173;0.500240268095211;0.610223499624295;-0.625085750487109;0.981478496225757;-0.016644684032784;1.17743747536137;1.39703483765664;0.902930829140983;1.25535790000937;-1.50294034616308
"Pinheiral (RJ)";-0.355521106331581;-0.678547260256767;0.835332115083121;-0.15826298454635;0.735639019128424;-0.721242416444999;0.361207561662438;0.189091831878624;-0.641357818874933;-0.460109057925348;0.995665782585133;0.165550589724825;-0.428346837593551;0.856809389533296;0.21601045277563;0.137256790139487;-0.307836907683888;0.216286191761854
"Piraí (RJ)";-0.194296625454406;2.08795101112949;-2.13420794800251;-0.629677586418422;0.165045007101879;-0.236460208693682;-0.33811290682877;0.174362145969924;0.31125711932148;-0.429142148701913;0.57115599779073;-0.0248325884587257;0.377964361481423;0.403163370150159;0.324968805998284;-0.0364719030843905;-0.383044457613334;-0.56581416985291
"Porciúncula (RJ)";0.307186099015993;-0.608452425483043;0.537086266285737;-1.24868919930313;-1.07124201895564;-1.2445090510074;-0.401932374022911;-0.284263861663916;1.16051008037704;-0.0352040757264992;0.920295533831464;-0.324006154175734;-0.387334309429045;-0.533536832161181;-0.394774857924343;0.0863238614323241;-0.602248063367574;0.895676805614132
"Porto Real (RJ)";-0.62871943371129;2.22267983136548;-2.12909186014296;-0.68248525261771;0.450342013115154;1.39729740477138;0.990156846278313;-0.324817507548718;0.0913422838644369;-0.188160198992303;1.152661365745;0.111155395958096;7.57584184111349;2.50723059447708;-0.0306575775338486;-0.185493640572911;-0.231181255386611;-0.234128814783856
"Quatis (RJ)";-0.192042434396523;0.54652375679601;-0.510831280327437;-0.571219626375529;0.32354334377592;-0.126871308084082;0.635904512056291;-0.494365594285022;-0.836692559991723;4.7509304622305;0.604325136067669;-0.514389332359285;-0.277898554918247;1.20714230045501;-0.30189344033407;-0.743830883524207;-0.576005656494712;-0.94564083900333
"Queimados (RJ)";-0.595502499463784;0.410988287199109;-0.231434198727836;0.344386291311361;0.545441015119577;-1.18978937296031;1.02772224425278;-0.638685176433022;-0.637927165689709;-0.333822323738765;0.277533536389151;-0.786365301192926;-0.346895092781904;-0.576692971045014;-0.212999261774076;-1.05533788351655;-0.65253863688382;1.2626462796264
"Quissamã (RJ)";-0.522108371747709;2.36364181808014;-2.31371057735099;-1.05534253148179;-0.247050668250626;-0.208797963383778;-1.3208722428805;0.00901358670546202;-0.275238945685466;-0.258698688712402;1.33769504198229;-0.133622975992183;3.64541651597405;-0.672039387599014;0.268658441228605;-0.0655877912175151;-0.234171491358096;-0.129487256389892
"Resende (RJ)";-0.57998998019217;2.02658099237433;-1.93896844087959;0.0925242909217396;1.0209360251417;1.15574534731263;0.620271722279971;1.20741456428578;0.625141308732819;-0.30436862979695;1.37666421482718;1.60702322454314;0.820480783029086;1.60315391327446;1.56784815834961;1.34248171324088;1.26110076904723;-2.19629791115137
"Rio Bonito (RJ)";-0.487323414680702;-0.429300079040774;0.617321418783981;0.926650611364465;0.00654667042783819;5.2359742863351;-0.660245930840258;-0.0869174102445982;0.461337841637552;2.05670372929126;-0.35574413609849;0.0295626053080031;-0.251853657340909;-0.580525287374057;-0.215874361600093;0.278611923602116;-0.185032006748896;0.252522266675691
"Rio Claro (RJ)";2.21134327517791;-0.748345895408723;0.0398551273759442;-1.21615441872155;-0.659146343603131;-0.947460943830758;-0.348842137927429;0.546271045285955;-0.593805049793068;-0.419468107715772;-0.147780168530035;-0.704772510542833;-0.366433511748025;0.357871723251917;-1.20362578229527;-0.351736945868453;-0.453901776122905;0.143721374256933
"Rio das Flores (RJ)";-0.266392343998623;-1.03560761032176;1.18136586651997;-1.87501145607537;-0.21535100091582;-0.734641082462261;-0.966373116553241;-0.821145243157378;-0.654880147224893;-0.462705490680078;0.399810854709987;-0.786365301192926;0.437063192585895;0.802185778345725;-1.10107483315065;-1.32148230432685;-0.533545841451837;0.289592508420799
"Rio das Ostras (RJ)";-0.615737145988865;2.77752772629941;-2.71810773171856;-0.13663639651573;1.17943436181574;0.0741646121019905;0.669429646311551;2.01409991596646;-0.0657394139264246;-0.73169656279454;-0.379915239413496;1.74301120895996;0.944903078407463;0.527760544255196;1.46031350169805;2.60703928146115;0.0669692420232076;-1.59314371806092
"Rio de Janeiro (RJ)";-0.623182263940783;-0.480461698427389;0.717222588219458;0.481287100655989;1.4013320331594;0.702487848686339;1.02772224425278;3.79576511577402;7.25284003569944;0.113764253441709;1.32564840482754;2.45014872792744;0.158172027122834;-0.625797911590157;2.76943212695417;2.78375864002107;4.98241902497347;-1.86548521630122
"Santa Maria Madalena (RJ)";1.38377171177377;-0.429461754140046;-0.0159912297419597;-2.14315168920656;-1.61013636364737;-0.774775779616148;-1.76229527764343;-0.710891977142901;-0.398552766842526;1.33825488837344;-0.12575921717438;-1.1127364637933;-0.349558572707795;-1.12852598051468;-1.3659233115249;-0.77480879737381;-0.556263404330873;0.421706350343365
"Santo Antônio de Pádua (RJ)";-0.0513024447669005;-0.403121439052259;0.442125585227014;1.25992120704926;-0.405549004924667;0.55139368631545;-0.506100674949615;-0.0335458036435029;0.451245787046022;0.318252669399207;0.721095711843281;0.247143380374918;-0.312522650928046;0.534686975427078;-0.381158424787927;-0.166228232110785;0.0379422872253697;-1.55854657095463
"São Francisco de Itabapoana (RJ)";1.53425425524845;-0.837233286308157;0.362728412772971;-0.0390779446858718;-3.16342006305298;-1.00041582644517;-2.18688497394931;-1.25109537290513;-0.293836470251017;-0.613654808685098;-3.00234082073399;-1.90146677341087;-0.24420882213796;-0.803886277447417;-1.49058907749018;-1.3396635581655;-0.714995848252296;1.96680092370742
"São Fidélis (RJ)";0.487933080530804;-0.500116885360642;0.361756663362498;-0.234462814101131;-0.722545678272748;0.237011270816038;-0.346565455108192;-0.389847503847762;0.266186176626929;-0.0789211953687637;0.943968271639361;-0.487191735475921;-0.389480118298424;-0.175502367358088;-0.738503587286568;-0.357088413624483;0.0397226895903637;0.355335585867545
"São Gonçalo (RJ)";-0.578954349033069;-0.38822698023565;0.605065347515694;1.26767225133152;1.21113402915055;-0.786990530263214;1.02293805005041;0.0413562161900951;-0.566464674045288;-0.295035257910625;0.072149153777956;0.818292914925571;-0.390489128054906;-0.0283298193209988;0.712295802629547;-0.00748065247947303;0.479159568622724;-0.997001239686949
"São João da Barra (RJ)";-0.524552769064538;3.54747591838746;-3.56024117064229;-0.287464565607352;-0.627446676268325;-0.47263972666432;-0.385554014669926;-0.38207524404913;-0.647740431909829;-0.605988450326089;-1.15654409765734;-1.03114367314321;2.3115988065186;-0.666045319837983;-0.674506997043408;-0.480749766265893;-0.713350260473368;0.172483584295922
"São João de Meriti (RJ)";-0.626712890330343;-0.738939973359126;0.990766148144864;1.84904653223868;1.24283369648536;-0.657354267130094;1.02772224425278;-0.207387437123407;-0.442534221604826;-0.218992177969831;1.01791912962306;0.274340977258283;-0.389317694242046;0.190388066576623;0.706748500937853;-0.537267116651001;-0.264991446848289;-0.542982298227405
"São José de Ubá (RJ)";2.79618333777243;-0.802620372890673;-0.100943318480255;-1.08807968376549;-1.99053237166507;-0.60810798676207;-2.63075231907946;-1.35680437411799;0.0210684028437461;-0.997343156130718;0.662684866718286;-1.54789801392713;-0.390900931696525;-1.44679915772727;-1.59736812372446;-1.24125561567201;-0.342978606773855;0.77216061038038
"São José do Vale do Rio Preto (RJ)";-0.107405716428075;-0.955840765119935;1.0434911834643;0.656627211115324;-0.627446676268325;0.355449709534946;-2.61509590139607;-0.740696086290078;-0.68853775207471;-0.153553216474458;-1.50503193852053;-1.33031723886021;0.214917601002797;-0.0449770416535968;-0.669150529400038;-0.945652131632206;-0.401603776039134;0.592672047806368
"São Pedro da Aldeia (RJ)";-0.415987326569315;-0.691034383366405;0.868946845896954;1.7045351102774;0.48204168044996;-0.371737186822092;0.600134771443847;0.258666092979288;-0.309650465579454;-0.723025006289154;0.621235787222396;0.0839577990747319;-0.38498498536519;-0.846811621518118;0.523813928099092;0.620165506342612;-0.127664260727322;0.485237125499849
"São Sebastião do Alto (RJ)";1.55081244342582;-0.550121990950179;0.0546193494655678;-2.49029759873582;-1.95883270433027;0.0475949507651875;-2.13139140482651;-1.16074285274603;-0.739467063689538;0.649256705876406;0.149042344347647;-1.71108359522732;-0.374031068188055;-1.02881034668566;-1.41684862467458;-1.22455148363037;-0.589220935500586;1.55019879423865
"Sapucaia (RJ)";-0.244272672741425;-0.434993185131404;0.541028450541534;-0.186658830849134;-0.722545678272748;-1.32014150448577;-0.56411388382546;-0.341678296950591;-0.0303869121669644;-0.997343156130718;0.692967907306596;-0.922353285609748;-0.0380503694789878;-0.893887083540646;-0.220251815957034;-0.585250163651702;-0.432999252141812;0.244277812957578
"Saquarema (RJ)";-0.452509864897816;-0.533794933156388;0.715638181027684;0.906571766530632;0.450342013115154;0.18670066902104;0.693817785053205;-0.225157079485603;-0.387720628028357;-0.75071583959528;-1.94975285325508;0.00236500842463868;-0.328584914050852;-0.916610288874047;-0.127669948068678;0.345166280263484;-0.36188223818156;0.624995730342687
"Seropédica (RJ)";-0.362398186148014;0.0863795554482572;0.0316740900515844;0.314139224356789;0.513741347784771;-1.12304840609677;-0.13876548897421;-0.173415140261641;-0.644701642316735;-0.806111461076852;-0.113716981523671;0.111155395958096;-0.384662431173728;-0.0570960517445784;-0.166853738968271;-0.23004939006688;-0.658940127949849;1.01770587125806
"Silva Jardim (RJ)";0.143344742716174;-0.756532168332287;0.748588355717945;-1.64255391212047;-1.54673702897776;-0.593363384205695;-0.578927353499898;-0.977436612575853;-0.530742589033524;-0.754366710967979;-1.13959000440533;-1.4935028201604;-0.434418748603277;-0.893949417082143;-1.94759138738562;-0.696966858319064;-0.609349450973606;2.51806968651691
"Sumidouro (RJ)";4.67429389290502;-0.753399517107525;-0.788674608612064;-2.84785940603758;-2.33922871234796;0.0228820454769928;-3.13778597687085;-1.19988620955446;-0.405362010170002;-0.260102932680045;-1.28259343592646;-2.66299948614507;-0.324188669544408;-2.00062326838784;-1.65956530484399;-1.10062656553877;-0.640056597354196;1.20431198811686
"Tanguá (RJ)";-0.376743402860377;-0.477608161325439;0.630784933408411;0.715030851955323;-0.310450002920243;-1.16381645555781;0.322359784801011;-0.968598801030633;-0.879478852380558;1.10758765959157;-1.8290946204099;-1.4935028201604;-0.42350891721783;0.192428866315841;-1.3320447059665;-1.14432709558892;-0.707411952317684;1.52284372060174
"Teresópolis (RJ)";-0.00169838981280554;-0.165794244988895;0.175266214378189;0.231808400773978;0.386942678445537;1.17502210317475;0.324978066388592;0.728229675894269;0.0349335517117495;-0.332084849464505;0.05084441819717;0.573514542975291;-0.20962053766915;-0.284413423249931;0.91789082499254;0.707979403857421;1.51657761927975;-1.13238934993676
"Trajano de Moraes (RJ)";1.34269112717421;-0.784898694579216;0.372413619522395;-2.39514696851203;-1.92713303699546;-0.878659565614806;-2.48515305262244;-0.940894455619377;-0.822318739186372;0.129603136343907;-1.3054315396916;-1.13993406067666;-0.437924750613877;-0.912197298387872;-1.5900584917521;-0.213941474653367;-0.661797924326658;1.34112463420011
"Três Rios (RJ)";0.00392696864859794;0.328690376581005;-0.347657525260222;1.31535672126123;0.672239684458812;0.332840655886824;0.83563692612003;0.398159352510396;0.967959713756266;0.184863955637783;0.845846251853638;0.437526558558469;-0.0563690597615496;1.10647923387496;0.957325447809619;0.245869584034843;1.65250086701047;-0.204209612392693
"Valença (RJ)";-0.306813869628731;0.174470657643523;-0.0799602633139573;0.480678975157213;0.513741347784771;-0.557939512772346;0.149289343383695;-0.00226872590545628;0.188525525967173;0.349036661057287;0.315536566886648;0.791095318042207;-0.30001219993243;0.294713534623032;0.178311299254698;-0.0978336769966936;0.0509057897239267;-0.0514950418739792
"Varre-Sai (RJ)";2.22855296999042;-0.86984398347077;0.162058661964671;-1.5931848827373;-1.07124201895564;-0.800288493917904;-1.5239295058532;-1.23890420733389;-0.137231706334006;0.258623697716207;0.156756594349524;-1.35751483574358;-0.402625901484492;-1.6658036773779;-1.41261657878764;-1.18831773247591;-0.349454793115178;1.12722989757176
"Vassouras (RJ)";-0.110628690338145;-0.709587026493153;0.78510921967336;-0.765528070798749;0.00654667042783819;0.42496312103566;-1.10985987467546;0.00613032903822704;0.529787002606295;3.47194805606952;0.602244617706975;0.138352992841461;-0.354778022123094;-0.829774251361142;0.180756504357053;0.429344144922768;0.322462815582718;0.0442594755867576
"Volta Redonda (RJ)";-0.614241765929252;1.20468419773267;-1.06137335478857;1.00290422877815;1.30623303115497;1.17961901987214;1.0247446808161;1.29012018367527;0.977138732466794;-0.0386274510697294;1.41771053971101;1.68861601519323;0.303024467549519;1.68073210505567;2.02345544733013;1.36909663976511;1.66291040049194;-1.31103019787276
